{
  "parent_sel": {
    "tournament": {
      "mean": 5.019273967056291,
      "std": 0.293429455405597,
      "best": 4.744642210234136
    },
    "roulette": {
      "mean": 5.604286955695452,
      "std": 0.4723576828722833,
      "best": 4.950641264927592
    }
  },
  "crossover": {
    "uniform": {
      "mean": 4.899131562562352,
      "std": 0.21059804850292307,
      "best": 4.612411971087299
    },
    "blx_alpha": {
      "mean": 5.019273967056291,
      "std": 0.293429455405597,
      "best": 4.744642210234136
    },
    "de": {
      "mean": 3.799170425659402,
      "std": 0.19350828909830436,
      "best": 3.512788428794394
    }
  },
  "mutation": {
    "gaussian": {
      "mean": 5.019273967056291,
      "std": 0.293429455405597,
      "best": 4.744642210234136
    },
    "polynomial": {
      "mean": 5.0700018511116465,
      "std": 0.3061210538386397,
      "best": 4.7436636768325915
    }
  },
  "survivor": {
    "elitism": {
      "mean": 5.019273967056291,
      "std": 0.293429455405597,
      "best": 4.744642210234136
    },
    "mu_lambda": {
      "mean": 3.976091955123252,
      "std": 0.2156777691631396,
      "best": 3.770462397666012
    }
  },
  "representation": {
    "real": {
      "mean": 5.019273967056291,
      "std": 0.293429455405597,
      "best": 4.744642210234136
    },
    "binary": {
      "mean": 2.454182186610038,
      "std": 0.0533618643345186,
      "best": 2.410509312231691
    }
  },
  "init_method": {
    "random": {
      "mean": 5.019273967056291,
      "std": 0.293429455405597,
      "best": 4.744642210234136
    },
    "heuristic": {
      "mean": 4.472004443269145,
      "std": 0.29921832185480884,
      "best": 4.050280013156676
    }
  },
  "diversity": {
    "sharing": {
      "mean": 5.019273967056291,
      "std": 0.293429455405597,
      "best": 4.744642210234136
    },
    "crowding": {
      "mean": 5.11603322670305,
      "std": 0.31856434545736767,
      "best": 4.700906096519441
    }
  }
}